?x	?p	?y
<http://purl.obolibrary.org/obo/OBI_0000260>	<http://purl.obolibrary.org/obo/RO_0000059>	<http://purl.obolibrary.org/obo/IAO_0000104>
<http://purl.obolibrary.org/obo/COB_0001300>	<http://purl.obolibrary.org/obo/RO_0002215>	<http://purl.obolibrary.org/obo/BFO_0000015>
<http://purl.obolibrary.org/obo/COB_0000035>	<http://purl.obolibrary.org/obo/BFO_0000055>	<http://purl.obolibrary.org/obo/OBI_0000260>
<http://purl.obolibrary.org/obo/COB_0000026>	<http://purl.obolibrary.org/obo/OBI_0000312>	<http://purl.obolibrary.org/obo/COB_0000110>
<http://purl.obolibrary.org/obo/IAO_0000109>	<http://purl.obolibrary.org/obo/BFO_0000051>	<http://purl.obolibrary.org/obo/IAO_0000109>
<http://purl.obolibrary.org/obo/APOLLO_SV_00000033>	<http://purl.obolibrary.org/obo/BFO_0000051>	<http://purl.obolibrary.org/obo/APOLLO_SV_00000033>
<http://purl.obolibrary.org/obo/IAO_0000027>	<http://purl.obolibrary.org/obo/BFO_0000051>	<http://purl.obolibrary.org/obo/IAO_0000027>
<http://purl.obolibrary.org/obo/UO_0000280>	<http://purl.obolibrary.org/obo/BFO_0000051>	<http://purl.obolibrary.org/obo/UO_0000280>
<http://purl.obolibrary.org/obo/APOLLO_SV_00000033>	<http://purl.obolibrary.org/obo/RO_0000057>	<http://purl.obolibrary.org/obo/IAO_0000109>
<http://purl.obolibrary.org/obo/COB_0000035>	<http://purl.obolibrary.org/obo/BFO_0000051>	<http://purl.obolibrary.org/obo/COB_0000035>
<http://purl.obolibrary.org/obo/UO_0000186>	<http://purl.obolibrary.org/obo/BFO_0000051>	<http://purl.obolibrary.org/obo/UO_0000186>
<http://purl.obolibrary.org/obo/APOLLO_SV_00000033>	<http://purl.obolibrary.org/obo/OBI_0000299>	<http://purl.obolibrary.org/obo/IAO_0000109>
<http://purl.obolibrary.org/obo/IAO_0000032>	<http://purl.obolibrary.org/obo/BFO_0000051>	<http://purl.obolibrary.org/obo/IAO_0000032>
<http://purl.obolibrary.org/obo/PATO_0000146>	<http://purl.obolibrary.org/obo/BFO_0000051>	<http://purl.obolibrary.org/obo/PATO_0000146>
<http://purl.obolibrary.org/obo/PATO_0000070>	<http://purl.obolibrary.org/obo/RO_0015012>	<http://purl.obolibrary.org/obo/PATO_0001555>
<http://purl.obolibrary.org/obo/OBI_0000070>	<http://purl.obolibrary.org/obo/RO_0000057>	<http://purl.obolibrary.org/obo/IAO_0000027>
<http://purl.obolibrary.org/obo/OBI_0000070>	<http://purl.obolibrary.org/obo/OBI_0000299>	<http://purl.obolibrary.org/obo/IAO_0000027>
<http://purl.obolibrary.org/obo/CHMO_0000800>	<http://purl.obolibrary.org/obo/OBI_0000312>	<http://purl.obolibrary.org/obo/CHMO_0000228>
<http://purl.obolibrary.org/obo/CHMO_0000793>	<http://purl.obolibrary.org/obo/OBI_0000312>	<http://purl.obolibrary.org/obo/OBI_0000070>
<http://purl.obolibrary.org/obo/CHMO_0000228>	<http://purl.obolibrary.org/obo/RO_0000057>	<http://purl.obolibrary.org/obo/CHMO_0000800>
<http://purl.obolibrary.org/obo/CHMO_0000228>	<http://purl.obolibrary.org/obo/OBI_0000299>	<http://purl.obolibrary.org/obo/CHMO_0000800>
<http://purl.obolibrary.org/obo/COB_0000026>	<http://purl.obolibrary.org/obo/OBI_0000312>	<http://purl.obolibrary.org/obo/COB_0000110>
<http://purl.obolibrary.org/obo/OBI_0200000>	<http://purl.obolibrary.org/obo/RO_0000057>	<http://purl.obolibrary.org/obo/IAO_0000027>
<http://purl.obolibrary.org/obo/OBI_0000070>	<http://purl.obolibrary.org/obo/RO_0000057>	<http://purl.obolibrary.org/obo/IAO_0000027>
<http://purl.obolibrary.org/obo/OBI_0000070>	<http://purl.obolibrary.org/obo/OBI_0000299>	<http://purl.obolibrary.org/obo/IAO_0000027>
<http://purl.obolibrary.org/obo/OBI_0000070>	<http://purl.obolibrary.org/obo/OBI_0000417>	<http://purl.obolibrary.org/obo/OBI_0000441>
<http://purl.obolibrary.org/obo/OBI_0200000>	<http://purl.obolibrary.org/obo/OBI_0000417>	<http://purl.obolibrary.org/obo/OBI_0200166>
<http://purl.obolibrary.org/obo/OBI_0000838>	<http://purl.obolibrary.org/obo/OBI_0000417>	<http://purl.obolibrary.org/obo/OBI_0000806>
<http://purl.obolibrary.org/obo/OBI_0000339>	<http://purl.obolibrary.org/obo/RO_0000057>	<http://purl.obolibrary.org/obo/IAO_0000033>
<https://purl.archive.org/tfsco/TFSCO_00005753>	<http://purl.obolibrary.org/obo/IAO_0000417>	<https://purl.archive.org/tfsco/TFSCO_00005757>
<http://purl.obolibrary.org/obo/PATO_0001024>	<http://purl.obolibrary.org/obo/IAO_0000417>	<https://purl.archive.org/tfsco/TFSCO_00002103>
<https://purl.archive.org/tfsco/TFSCO_00000063>	<http://purl.obolibrary.org/obo/IAO_0000417>	<https://purl.archive.org/tfsco/TFSCO_00002098>
<https://purl.archive.org/tfsco/TFSCO_00002097>	<http://purl.obolibrary.org/obo/OBI_0000312>	<https://purl.archive.org/tfsco/TFSCO_00000088>
<https://purl.archive.org/tfsco/TFSCO_00002098>	<http://purl.obolibrary.org/obo/IAO_0000221>	<https://purl.archive.org/tfsco/TFSCO_00000063>
<https://purl.archive.org/tfsco/TFSCO_00003500>	<http://purl.obolibrary.org/obo/OBI_0000299>	<https://purl.archive.org/tfsco/TFSCO_00002098>
<https://purl.archive.org/tfsco/TFSCO_00005024>	<http://purl.obolibrary.org/obo/IAO_0000417>	<https://purl.archive.org/tfsco/TFSCO_00005756>
<https://purl.archive.org/tfsco/TFSCO_00005061>	<http://purl.obolibrary.org/obo/IAO_0000039>	<https://purl.archive.org/tfsco/TFSCO_00002068>
<https://purl.archive.org/tfsco/TFSCO_00000064>	<http://purl.obolibrary.org/obo/IAO_0000417>	<https://purl.archive.org/tfsco/TFSCO_00005061>
<https://purl.archive.org/tfsco/TFSCO_00002102>	<http://purl.obolibrary.org/obo/IAO_0000039>	<http://purl.obolibrary.org/obo/UO_0000005>
<https://purl.archive.org/tfsco/TFSCO_00005763>	<http://purl.obolibrary.org/obo/IAO_0000417>	<https://purl.archive.org/tfsco/TFSCO_00005760>
<https://purl.archive.org/tfsco/TFSCO_00002080>	<http://purl.obolibrary.org/obo/OBI_0000299>	<https://purl.archive.org/tfsco/TFSCO_00002102>
<https://purl.archive.org/tfsco/TFSCO_00002098>	<http://purl.obolibrary.org/obo/IAO_0000039>	<https://purl.archive.org/tfsco/TFSCO_00002028>
<https://purl.archive.org/tfsco/TFSCO_00003000>	<http://purl.obolibrary.org/obo/IAO_0000039>	<http://purl.obolibrary.org/obo/UO_0000095>
<https://purl.archive.org/tfsco/TFSCO_00003501>	<http://purl.obolibrary.org/obo/BFO_0000051>	<https://purl.archive.org/tfsco/TFSCO_00002098>
<https://purl.archive.org/tfsco/TFSCO_00005702>	<http://purl.obolibrary.org/obo/IAO_0000417>	<https://purl.archive.org/tfsco/TFSCO_00005743>
<https://purl.archive.org/tfsco/TFSCO_00001065>	<http://purl.obolibrary.org/obo/IAO_0000419>	<https://purl.archive.org/tfsco/TFSCO_00002121>
<https://purl.archive.org/tfsco/TFSCO_00002003>	<http://purl.obolibrary.org/obo/BFO_0000051>	<https://purl.archive.org/tfsco/TFSCO_00005061>
<https://purl.archive.org/tfsco/TFSCO_00005061>	<http://purl.obolibrary.org/obo/IAO_0000221>	<https://purl.archive.org/tfsco/TFSCO_00000064>
<https://purl.archive.org/tfsco/TFSCO_00000088>	<http://purl.obolibrary.org/obo/OBI_0000299>	<https://purl.archive.org/tfsco/TFSCO_00002097>
<https://purl.archive.org/tfsco/TFSCO_00002119>	<http://purl.obolibrary.org/obo/IAO_0000039>	<http://purl.obolibrary.org/obo/UO_0000280>
<https://purl.archive.org/tfsco/TFSCO_00002120>	<http://purl.obolibrary.org/obo/IAO_0000221>	<https://purl.archive.org/tfsco/TFSCO_00001094>
<https://purl.archive.org/tfsco/TFSCO_00002103>	<http://purl.obolibrary.org/obo/IAO_0000039>	<http://purl.obolibrary.org/obo/UO_0000113>
<https://purl.archive.org/tfsco/TFSCO_00005757>	<http://purl.obolibrary.org/obo/IAO_0000221>	<https://purl.archive.org/tfsco/TFSCO_00005753>
<https://purl.archive.org/tfsco/TFSCO_00005062>	<http://purl.obolibrary.org/obo/IAO_0000039>	<http://purl.obolibrary.org/obo/UO_0000186>
<https://purl.archive.org/tfsco/TFSCO_00001004>	<http://purl.obolibrary.org/obo/IAO_0000417>	<https://purl.archive.org/tfsco/TFSCO_00002097>
<https://purl.archive.org/tfsco/TFSCO_00005006>	<http://purl.obolibrary.org/obo/BFO_0000051>	<https://purl.archive.org/tfsco/TFSCO_00005009>
<https://purl.archive.org/tfsco/TFSCO_00002103>	<http://purl.obolibrary.org/obo/IAO_0000221>	<http://purl.obolibrary.org/obo/PATO_0001024>
<http://purl.obolibrary.org/obo/OBI_0000070>	<http://purl.obolibrary.org/obo/RO_0000057>	<https://purl.archive.org/tfsco/TFSCO_00001145>
<https://purl.archive.org/tfsco/TFSCO_00002102>	<http://purl.obolibrary.org/obo/IAO_0000221>	<http://purl.obolibrary.org/obo/PATO_0000146>
<https://purl.archive.org/tfsco/TFSCO_00007026>	<http://purl.obolibrary.org/obo/OBI_0000299>	<https://purl.archive.org/tfsco/TFSCO_00007034>
<https://purl.archive.org/tfsco/TFSCO_00002080>	<http://purl.obolibrary.org/obo/OBI_0000299>	<https://purl.archive.org/tfsco/TFSCO_00002121>
<https://purl.archive.org/tfsco/TFSCO_00005007>	<http://purl.obolibrary.org/obo/BFO_0000051>	<https://purl.archive.org/tfsco/TFSCO_00005008>
<https://purl.archive.org/tfsco/TFSCO_00002146>	<http://purl.obolibrary.org/obo/IAO_0000417>	<https://purl.archive.org/tfsco/TFSCO_00005062>
<https://purl.archive.org/tfsco/TFSCO_00002147>	<http://purl.obolibrary.org/obo/IAO_0000221>	<http://purl.obolibrary.org/obo/PATO_0001464>
<https://purl.archive.org/tfsco/TFSCO_00005760>	<http://purl.obolibrary.org/obo/OBI_0000312>	<http://purl.obolibrary.org/obo/APOLLO_SV_00000033>
<https://purl.archive.org/tfsco/TFSCO_00002010>	<http://purl.obolibrary.org/obo/BFO_0000051>	<https://purl.archive.org/tfsco/TFSCO_00005062>
<https://purl.archive.org/tfsco/TFSCO_00002003>	<http://purl.obolibrary.org/obo/BFO_0000051>	<https://purl.archive.org/tfsco/TFSCO_00002098>
<https://purl.archive.org/tfsco/TFSCO_00007045>	<http://purl.obolibrary.org/obo/IAO_0000221>	<https://purl.archive.org/tfsco/TFSCO_00007029>
<https://purl.archive.org/tfsco/TFSCO_00005008>	<http://purl.obolibrary.org/obo/IAO_0000221>	<https://purl.archive.org/tfsco/TFSCO_00001024>
<https://purl.archive.org/tfsco/TFSCO_00001100>	<http://purl.obolibrary.org/obo/OBI_0000299>	<https://purl.archive.org/tfsco/TFSCO_00001145>
<https://purl.archive.org/tfsco/TFSCO_00002110>	<http://purl.obolibrary.org/obo/IAO_0000417>	<https://purl.archive.org/tfsco/TFSCO_00002119>
<https://purl.archive.org/tfsco/TFSCO_00002118>	<http://purl.obolibrary.org/obo/IAO_0000039>	<http://purl.obolibrary.org/obo/UO_0000109>
<https://purl.archive.org/tfsco/TFSCO_00005062>	<http://purl.obolibrary.org/obo/IAO_0000221>	<https://purl.archive.org/tfsco/TFSCO_00002146>
<https://purl.archive.org/tfsco/TFSCO_00001061>	<http://purl.obolibrary.org/obo/IAO_0000417>	<https://purl.archive.org/tfsco/TFSCO_00007034>
<https://purl.archive.org/tfsco/TFSCO_00005756>	<http://purl.obolibrary.org/obo/IAO_0000221>	<https://purl.archive.org/tfsco/TFSCO_00005024>
<https://purl.archive.org/tfsco/TFSCO_00007034>	<http://purl.obolibrary.org/obo/IAO_0000221>	<https://purl.archive.org/tfsco/TFSCO_00001061>
<https://purl.archive.org/tfsco/TFSCO_00007026>	<http://purl.obolibrary.org/obo/OBI_0000299>	<https://purl.archive.org/tfsco/TFSCO_00007045>
<https://purl.archive.org/tfsco/TFSCO_00002095>	<http://purl.obolibrary.org/obo/OBI_0000299>	<https://purl.archive.org/tfsco/TFSCO_00002103>
<https://purl.archive.org/tfsco/TFSCO_00002117>	<http://purl.obolibrary.org/obo/BFO_0000051>	<https://purl.archive.org/tfsco/TFSCO_00002103>
<https://purl.archive.org/tfsco/TFSCO_00005009>	<http://purl.obolibrary.org/obo/IAO_0000221>	<https://purl.archive.org/tfsco/TFSCO_00005010>
<https://purl.archive.org/tfsco/TFSCO_00003000>	<http://purl.obolibrary.org/obo/IAO_0000221>	<http://purl.obolibrary.org/obo/PATO_0000918>
<https://purl.archive.org/tfsco/TFSCO_00007029>	<http://purl.obolibrary.org/obo/IAO_0000417>	<https://purl.archive.org/tfsco/TFSCO_00007045>
<https://purl.archive.org/tfsco/TFSCO_00002095>	<http://purl.obolibrary.org/obo/OBI_0000299>	<https://purl.archive.org/tfsco/TFSCO_00002119>
<https://purl.archive.org/tfsco/TFSCO_00007006>	<http://purl.obolibrary.org/obo/IAO_0000221>	<http://purl.obolibrary.org/obo/PATO_0001585>
<https://purl.archive.org/tfsco/TFSCO_00002080>	<http://purl.obolibrary.org/obo/OBI_0000299>	<https://purl.archive.org/tfsco/TFSCO_00002120>
<http://purl.obolibrary.org/obo/PATO_0001585>	<http://purl.obolibrary.org/obo/IAO_0000417>	<https://purl.archive.org/tfsco/TFSCO_00007006>
<https://purl.archive.org/tfsco/TFSCO_00002121>	<http://purl.obolibrary.org/obo/IAO_0000221>	<https://purl.archive.org/tfsco/TFSCO_00001065>
<https://purl.archive.org/tfsco/TFSCO_00002147>	<http://purl.obolibrary.org/obo/IAO_0000039>	<http://purl.obolibrary.org/obo/UO_0000217>
<https://purl.archive.org/tfsco/TFSCO_00002119>	<http://purl.obolibrary.org/obo/IAO_0000221>	<https://purl.archive.org/tfsco/TFSCO_00002110>
<https://purl.archive.org/tfsco/TFSCO_00001145>	<http://purl.obolibrary.org/obo/OBI_0000312>	<https://purl.archive.org/tfsco/TFSCO_00001100>
<https://purl.archive.org/tfsco/TFSCO_00005060>	<http://purl.obolibrary.org/obo/OBI_0000299>	<https://purl.archive.org/tfsco/TFSCO_00002102>
<https://purl.archive.org/tfsco/TFSCO_00005743>	<http://purl.obolibrary.org/obo/IAO_0000221>	<https://purl.archive.org/tfsco/TFSCO_00005702>
<https://purl.archive.org/tfsco/TFSCO_00001094>	<http://purl.obolibrary.org/obo/IAO_0000417>	<https://purl.archive.org/tfsco/TFSCO_00002120>
<https://purl.archive.org/tfsco/TFSCO_00005760>	<http://purl.obolibrary.org/obo/IAO_0000221>	<https://purl.archive.org/tfsco/TFSCO_00005763>
<https://purl.archive.org/tfsco/TFSCO_00002117>	<http://purl.obolibrary.org/obo/BFO_0000051>	<https://purl.archive.org/tfsco/TFSCO_00002119>
<http://purl.obolibrary.org/obo/IAO_0000584>	<http://purl.obolibrary.org/obo/BFO_0000051>	<http://purl.obolibrary.org/obo/IAO_0000582>
<http://purl.obolibrary.org/obo/IAO_0000408>	<http://purl.obolibrary.org/obo/IAO_0000039>	<http://purl.obolibrary.org/obo/UO_0000001>
<http://purl.obolibrary.org/obo/IAO_0000104>	<http://purl.obolibrary.org/obo/BFO_0000051>	<http://purl.obolibrary.org/obo/IAO_0000007>
<http://purl.obolibrary.org/obo/IAO_0000033>	<http://purl.obolibrary.org/obo/IAO_0000136>	<http://purl.obolibrary.org/obo/BFO_0000017>
<http://purl.obolibrary.org/obo/IAO_0000104>	<http://purl.obolibrary.org/obo/BFO_0000051>	<http://purl.obolibrary.org/obo/IAO_0000005>
<http://purl.obolibrary.org/obo/IAO_0000030>	<http://purl.obolibrary.org/obo/IAO_0000136>	<http://purl.obolibrary.org/obo/BFO_0000001>
<http://purl.obolibrary.org/obo/IAO_0000408>	<http://purl.obolibrary.org/obo/IAO_0000221>	<http://purl.obolibrary.org/obo/PATO_0000122>
<http://purl.obolibrary.org/obo/IAO_0000033>	<http://www.w3.org/2000/01/rdf-schema#subClassOf>	<http://purl.obolibrary.org/obo/IAO_0000030>
<http://purl.obolibrary.org/obo/OBI_0000070>	<http://www.w3.org/2000/01/rdf-schema#subClassOf>	<http://purl.obolibrary.org/obo/COB_0000035>
<http://purl.obolibrary.org/obo/COB_0000035>	<http://www.w3.org/2000/01/rdf-schema#subClassOf>	<http://purl.obolibrary.org/obo/COB_0000082>
<http://purl.obolibrary.org/obo/BFO_0000017>	<http://www.w3.org/2000/01/rdf-schema#subClassOf>	<http://purl.obolibrary.org/obo/COB_0000502>
<http://purl.obolibrary.org/obo/OBI_0000260>	<http://www.w3.org/2000/01/rdf-schema#subClassOf>	<http://purl.obolibrary.org/obo/BFO_0000017>
<http://purl.obolibrary.org/obo/IAO_0000109>	<http://www.w3.org/2000/01/rdf-schema#subClassOf>	<http://purl.obolibrary.org/obo/IAO_0000027>
<http://purl.obolibrary.org/obo/OBI_0000070>	<http://www.w3.org/2000/01/rdf-schema#subClassOf>	_:B1ea9903eX2D794fX2D45f6X2Dbf79X2D5333a9c03016genid9
<http://purl.obolibrary.org/obo/COB_0001300>	<http://www.w3.org/2000/01/rdf-schema#subClassOf>	<http://purl.obolibrary.org/obo/COB_0000026>
<http://purl.obolibrary.org/obo/IAO_0000027>	<http://www.w3.org/2000/01/rdf-schema#subClassOf>	<http://purl.obolibrary.org/obo/IAO_0000030>
<http://purl.obolibrary.org/obo/IAO_0000104>	<http://www.w3.org/2000/01/rdf-schema#subClassOf>	<http://purl.obolibrary.org/obo/IAO_0000033>
<http://purl.obolibrary.org/obo/COB_0000026>	<http://www.w3.org/2000/01/rdf-schema#subClassOf>	<http://purl.obolibrary.org/obo/BFO_0000040>
<http://purl.obolibrary.org/obo/COB_0000110>	<http://www.w3.org/2000/01/rdf-schema#subClassOf>	_:B1ea9903eX2D794fX2D45f6X2Dbf79X2D5333a9c03016genid3
<http://purl.obolibrary.org/obo/COB_0000110>	<http://www.w3.org/2000/01/rdf-schema#subClassOf>	<http://purl.obolibrary.org/obo/COB_0000035>
<http://purl.obolibrary.org/obo/COB_0000082>	<http://www.w3.org/2000/01/rdf-schema#subClassOf>	<http://purl.obolibrary.org/obo/BFO_0000015>
<http://purl.obolibrary.org/obo/BFO_0000019>	<http://www.w3.org/2000/01/rdf-schema#subClassOf>	<http://purl.obolibrary.org/obo/BFO_0000020>
<http://purl.obolibrary.org/obo/BFO_0000031>	<http://www.w3.org/2000/01/rdf-schema#subClassOf>	<http://purl.obolibrary.org/obo/BFO_0000002>
<http://purl.obolibrary.org/obo/BFO_0000029>	<http://www.w3.org/2000/01/rdf-schema#subClassOf>	<http://purl.obolibrary.org/obo/BFO_0000141>
<http://purl.obolibrary.org/obo/BFO_0000018>	<http://www.w3.org/2000/01/rdf-schema#subClassOf>	<http://purl.obolibrary.org/obo/BFO_0000006>
<http://purl.obolibrary.org/obo/BFO_0000034>	<http://www.w3.org/2000/01/rdf-schema#subClassOf>	<http://purl.obolibrary.org/obo/BFO_0000016>
<http://purl.obolibrary.org/obo/BFO_0000016>	<http://www.w3.org/2000/01/rdf-schema#subClassOf>	<http://purl.obolibrary.org/obo/BFO_0000017>
<http://purl.obolibrary.org/obo/BFO_0000040>	<http://www.w3.org/2000/01/rdf-schema#subClassOf>	<http://purl.obolibrary.org/obo/BFO_0000004>
<http://purl.obolibrary.org/obo/BFO_0000011>	<http://www.w3.org/2000/01/rdf-schema#subClassOf>	<http://purl.obolibrary.org/obo/BFO_0000003>
<http://purl.obolibrary.org/obo/BFO_0000006>	<http://www.w3.org/2000/01/rdf-schema#subClassOf>	<http://purl.obolibrary.org/obo/BFO_0000141>
<http://purl.obolibrary.org/obo/BFO_0000142>	<http://www.w3.org/2000/01/rdf-schema#subClassOf>	<http://purl.obolibrary.org/obo/BFO_0000140>
<http://purl.obolibrary.org/obo/BFO_0000023>	<http://www.w3.org/2000/01/rdf-schema#subClassOf>	<http://purl.obolibrary.org/obo/BFO_0000017>
<http://purl.obolibrary.org/obo/BFO_0000004>	<http://www.w3.org/2000/01/rdf-schema#subClassOf>	<http://purl.obolibrary.org/obo/BFO_0000002>
<http://purl.obolibrary.org/obo/BFO_0000144>	<http://www.w3.org/2000/01/rdf-schema#subClassOf>	<http://purl.obolibrary.org/obo/BFO_0000015>
<http://purl.obolibrary.org/obo/BFO_0000003>	<http://www.w3.org/2000/01/rdf-schema#subClassOf>	<http://purl.obolibrary.org/obo/BFO_0000001>
<http://purl.obolibrary.org/obo/BFO_0000182>	<http://www.w3.org/2000/01/rdf-schema#subClassOf>	<http://purl.obolibrary.org/obo/BFO_0000015>
<http://purl.obolibrary.org/obo/BFO_0000146>	<http://www.w3.org/2000/01/rdf-schema#subClassOf>	<http://purl.obolibrary.org/obo/BFO_0000140>
<http://purl.obolibrary.org/obo/BFO_0000009>	<http://www.w3.org/2000/01/rdf-schema#subClassOf>	<http://purl.obolibrary.org/obo/BFO_0000006>
<http://purl.obolibrary.org/obo/BFO_0000027>	<http://www.w3.org/2000/01/rdf-schema#subClassOf>	<http://purl.obolibrary.org/obo/BFO_0000040>
<http://purl.obolibrary.org/obo/BFO_0000030>	<http://www.w3.org/2000/01/rdf-schema#subClassOf>	<http://purl.obolibrary.org/obo/BFO_0000040>
<http://purl.obolibrary.org/obo/BFO_0000015>	<http://www.w3.org/2000/01/rdf-schema#subClassOf>	<http://purl.obolibrary.org/obo/BFO_0000003>
<http://purl.obolibrary.org/obo/BFO_0000008>	<http://www.w3.org/2000/01/rdf-schema#subClassOf>	<http://purl.obolibrary.org/obo/BFO_0000003>
<http://purl.obolibrary.org/obo/BFO_0000028>	<http://www.w3.org/2000/01/rdf-schema#subClassOf>	<http://purl.obolibrary.org/obo/BFO_0000006>
<http://purl.obolibrary.org/obo/BFO_0000002>	<http://www.w3.org/2000/01/rdf-schema#subClassOf>	<http://purl.obolibrary.org/obo/BFO_0000001>
<http://purl.obolibrary.org/obo/BFO_0000038>	<http://www.w3.org/2000/01/rdf-schema#subClassOf>	<http://purl.obolibrary.org/obo/BFO_0000008>
<http://purl.obolibrary.org/obo/BFO_0000140>	<http://www.w3.org/2000/01/rdf-schema#subClassOf>	<http://purl.obolibrary.org/obo/BFO_0000141>
<http://purl.obolibrary.org/obo/BFO_0000020>	<http://www.w3.org/2000/01/rdf-schema#subClassOf>	<http://purl.obolibrary.org/obo/BFO_0000002>
<http://purl.obolibrary.org/obo/BFO_0000148>	<http://www.w3.org/2000/01/rdf-schema#subClassOf>	<http://purl.obolibrary.org/obo/BFO_0000008>
<http://purl.obolibrary.org/obo/BFO_0000035>	<http://www.w3.org/2000/01/rdf-schema#subClassOf>	<http://purl.obolibrary.org/obo/BFO_0000003>
<http://purl.obolibrary.org/obo/BFO_0000026>	<http://www.w3.org/2000/01/rdf-schema#subClassOf>	<http://purl.obolibrary.org/obo/BFO_0000006>
<http://purl.obolibrary.org/obo/BFO_0000141>	<http://www.w3.org/2000/01/rdf-schema#subClassOf>	<http://purl.obolibrary.org/obo/BFO_0000004>
<http://purl.obolibrary.org/obo/BFO_0000147>	<http://www.w3.org/2000/01/rdf-schema#subClassOf>	<http://purl.obolibrary.org/obo/BFO_0000140>
<http://purl.obolibrary.org/obo/BFO_0000024>	<http://www.w3.org/2000/01/rdf-schema#subClassOf>	<http://purl.obolibrary.org/obo/BFO_0000040>
<http://purl.obolibrary.org/obo/BFO_0000017>	<http://www.w3.org/2000/01/rdf-schema#subClassOf>	<http://purl.obolibrary.org/obo/BFO_0000020>
<http://purl.obolibrary.org/obo/BFO_0000145>	<http://www.w3.org/2000/01/rdf-schema#subClassOf>	<http://purl.obolibrary.org/obo/BFO_0000019>
<http://purl.obolibrary.org/obo/IAO_0000032>	<http://www.w3.org/2000/01/rdf-schema#subClassOf>	<http://purl.obolibrary.org/obo/IAO_0000109>
<http://purl.obolibrary.org/obo/APOLLO_SV_00000033>	<http://www.w3.org/2000/01/rdf-schema#subClassOf>	<http://purl.obolibrary.org/obo/COB_0000035>
<http://purl.obolibrary.org/obo/PATO_0001709>	<http://www.w3.org/2000/01/rdf-schema#subClassOf>	<http://purl.obolibrary.org/obo/PATO_0000117>
<http://purl.obolibrary.org/obo/PATO_0001756>	<http://www.w3.org/2000/01/rdf-schema#subClassOf>	<http://purl.obolibrary.org/obo/PATO_0001585>
<http://purl.obolibrary.org/obo/PATO_0000133>	<http://www.w3.org/2000/01/rdf-schema#subClassOf>	<http://purl.obolibrary.org/obo/PATO_0000140>
<http://purl.obolibrary.org/obo/PATO_0001574>	<http://www.w3.org/2000/01/rdf-schema#subClassOf>	<http://purl.obolibrary.org/obo/PATO_0001906>
<http://purl.obolibrary.org/obo/PATO_0001555>	<http://www.w3.org/2000/01/rdf-schema#subClassOf>	<http://purl.obolibrary.org/obo/PATO_0000070>
<http://purl.obolibrary.org/obo/PATO_0000165>	<http://www.w3.org/2000/01/rdf-schema#subClassOf>	<http://purl.obolibrary.org/obo/PATO_0001018>
<http://purl.obolibrary.org/obo/PATO_0000008>	<http://www.w3.org/2000/01/rdf-schema#subClassOf>	<http://purl.obolibrary.org/obo/PATO_0001906>
<http://purl.obolibrary.org/obo/PATO_0001413>	<http://www.w3.org/2000/01/rdf-schema#subClassOf>	<http://purl.obolibrary.org/obo/PATO_0002242>
<http://purl.obolibrary.org/obo/PATO_0000044>	<http://www.w3.org/2000/01/rdf-schema#subClassOf>	<http://purl.obolibrary.org/obo/PATO_0050000>
<http://purl.obolibrary.org/obo/PATO_0002390>	<http://www.w3.org/2000/01/rdf-schema#subClassOf>	<http://purl.obolibrary.org/obo/PATO_0000122>
<http://purl.obolibrary.org/obo/PATO_0000001>	<http://www.w3.org/2000/01/rdf-schema#subClassOf>	<http://purl.obolibrary.org/obo/BFO_0000020>
<http://purl.obolibrary.org/obo/PATO_0000051>	<http://www.w3.org/2000/01/rdf-schema#subClassOf>	<http://purl.obolibrary.org/obo/PATO_0001241>
<http://purl.obolibrary.org/obo/PATO_0000117>	<http://www.w3.org/2000/01/rdf-schema#subClassOf>	<http://purl.obolibrary.org/obo/PATO_0000051>
<http://purl.obolibrary.org/obo/PATO_0001236>	<http://www.w3.org/2000/01/rdf-schema#subClassOf>	<http://purl.obolibrary.org/obo/PATO_0000001>
<http://purl.obolibrary.org/obo/PATO_0002243>	<http://www.w3.org/2000/01/rdf-schema#subClassOf>	<http://purl.obolibrary.org/obo/PATO_0001574>
<http://purl.obolibrary.org/obo/PATO_0103000>	<http://www.w3.org/2000/01/rdf-schema#subClassOf>	<http://purl.obolibrary.org/obo/PATO_0000001>
<http://purl.obolibrary.org/obo/PATO_0001757>	<http://www.w3.org/2000/01/rdf-schema#subClassOf>	<http://purl.obolibrary.org/obo/PATO_0001585>
<http://purl.obolibrary.org/obo/PATO_0000119>	<http://www.w3.org/2000/01/rdf-schema#subClassOf>	<http://purl.obolibrary.org/obo/PATO_0001708>
<http://purl.obolibrary.org/obo/PATO_0002326>	<http://www.w3.org/2000/01/rdf-schema#subClassOf>	<http://purl.obolibrary.org/obo/PATO_0000133>
<http://purl.obolibrary.org/obo/PATO_0001242>	<http://www.w3.org/2000/01/rdf-schema#subClassOf>	<http://purl.obolibrary.org/obo/PATO_0001018>
<http://purl.obolibrary.org/obo/PATO_0000915>	<http://www.w3.org/2000/01/rdf-schema#subClassOf>	<http://purl.obolibrary.org/obo/PATO_0001708>
<http://purl.obolibrary.org/obo/PATO_0000141>	<http://www.w3.org/2000/01/rdf-schema#subClassOf>	<http://purl.obolibrary.org/obo/PATO_0000051>
<http://purl.obolibrary.org/obo/PATO_0000146>	<http://www.w3.org/2000/01/rdf-schema#subClassOf>	<http://purl.obolibrary.org/obo/PATO_0001018>
<http://purl.obolibrary.org/obo/PATO_0002244>	<http://www.w3.org/2000/01/rdf-schema#subClassOf>	<http://purl.obolibrary.org/obo/PATO_0001574>
<http://purl.obolibrary.org/obo/PATO_0001035>	<http://www.w3.org/2000/01/rdf-schema#subClassOf>	<http://purl.obolibrary.org/obo/PATO_0001018>
<http://purl.obolibrary.org/obo/PATO_0000140>	<http://www.w3.org/2000/01/rdf-schema#subClassOf>	<http://purl.obolibrary.org/obo/PATO_0001018>
<http://purl.obolibrary.org/obo/PATO_0001710>	<http://www.w3.org/2000/01/rdf-schema#subClassOf>	<http://purl.obolibrary.org/obo/PATO_0000117>
<http://purl.obolibrary.org/obo/PATO_0002062>	<http://www.w3.org/2000/01/rdf-schema#subClassOf>	<http://purl.obolibrary.org/obo/PATO_0001236>
<http://purl.obolibrary.org/obo/PATO_0001323>	<http://www.w3.org/2000/01/rdf-schema#subClassOf>	<http://purl.obolibrary.org/obo/PATO_0001709>
<http://purl.obolibrary.org/obo/PATO_0000033>	<http://www.w3.org/2000/01/rdf-schema#subClassOf>	<http://purl.obolibrary.org/obo/PATO_0000070>
<http://purl.obolibrary.org/obo/PATO_0001708>	<http://www.w3.org/2000/01/rdf-schema#subClassOf>	<http://purl.obolibrary.org/obo/PATO_0000117>
<http://purl.obolibrary.org/obo/PATO_0001026>	<http://www.w3.org/2000/01/rdf-schema#subClassOf>	<http://purl.obolibrary.org/obo/PATO_0001018>
<http://purl.obolibrary.org/obo/PATO_0001021>	<http://www.w3.org/2000/01/rdf-schema#subClassOf>	<http://purl.obolibrary.org/obo/PATO_0001018>
<http://purl.obolibrary.org/obo/PATO_0015009>	<http://www.w3.org/2000/01/rdf-schema#subClassOf>	<http://purl.obolibrary.org/obo/PATO_0001547>
<http://purl.obolibrary.org/obo/PATO_0001547>	<http://www.w3.org/2000/01/rdf-schema#subClassOf>	<http://purl.obolibrary.org/obo/PATO_0002198>
<http://purl.obolibrary.org/obo/PATO_0002182>	<http://www.w3.org/2000/01/rdf-schema#subClassOf>	<http://purl.obolibrary.org/obo/PATO_0001241>
<http://purl.obolibrary.org/obo/PATO_0001334>	<http://www.w3.org/2000/01/rdf-schema#subClassOf>	<http://purl.obolibrary.org/obo/PATO_0001708>
<http://purl.obolibrary.org/obo/PATO_0001018>	<http://www.w3.org/2000/01/rdf-schema#subClassOf>	<http://purl.obolibrary.org/obo/PATO_0001241>
<http://purl.obolibrary.org/obo/PATO_0002122>	<http://www.w3.org/2000/01/rdf-schema#subClassOf>	<http://purl.obolibrary.org/obo/PATO_0000025>
<http://purl.obolibrary.org/obo/PATO_0000161>	<http://www.w3.org/2000/01/rdf-schema#subClassOf>	<http://purl.obolibrary.org/obo/PATO_0002062>
<http://purl.obolibrary.org/obo/PATO_0002242>	<http://www.w3.org/2000/01/rdf-schema#subClassOf>	<http://purl.obolibrary.org/obo/PATO_0001906>
<http://purl.obolibrary.org/obo/PATO_0001241>	<http://www.w3.org/2000/01/rdf-schema#subClassOf>	<http://purl.obolibrary.org/obo/PATO_0000001>
<http://purl.obolibrary.org/obo/PATO_0001711>	<http://www.w3.org/2000/01/rdf-schema#subClassOf>	<http://purl.obolibrary.org/obo/PATO_0001708>
<http://purl.obolibrary.org/obo/PATO_0001309>	<http://www.w3.org/2000/01/rdf-schema#subClassOf>	<http://purl.obolibrary.org/obo/PATO_0002062>
<http://purl.obolibrary.org/obo/PATO_0000070>	<http://www.w3.org/2000/01/rdf-schema#subClassOf>	<http://purl.obolibrary.org/obo/PATO_0103000>
<http://purl.obolibrary.org/obo/PATO_0001028>	<http://www.w3.org/2000/01/rdf-schema#subClassOf>	<http://purl.obolibrary.org/obo/PATO_0001906>
<http://purl.obolibrary.org/obo/PATO_0001906>	<http://www.w3.org/2000/01/rdf-schema#subClassOf>	<http://purl.obolibrary.org/obo/PATO_0001018>
<http://purl.obolibrary.org/obo/PATO_0000122>	<http://www.w3.org/2000/01/rdf-schema#subClassOf>	<http://purl.obolibrary.org/obo/PATO_0001708>
<http://purl.obolibrary.org/obo/PATO_0001029>	<http://www.w3.org/2000/01/rdf-schema#subClassOf>	<http://purl.obolibrary.org/obo/PATO_0001018>
<http://purl.obolibrary.org/obo/PATO_0001024>	<http://www.w3.org/2000/01/rdf-schema#subClassOf>	<http://purl.obolibrary.org/obo/PATO_0001018>
<http://purl.obolibrary.org/obo/PATO_0000918>	<http://www.w3.org/2000/01/rdf-schema#subClassOf>	<http://purl.obolibrary.org/obo/PATO_0001710>
<http://purl.obolibrary.org/obo/PATO_0001019>	<http://www.w3.org/2000/01/rdf-schema#subClassOf>	<http://purl.obolibrary.org/obo/PATO_0001018>
<http://purl.obolibrary.org/obo/PATO_0001025>	<http://www.w3.org/2000/01/rdf-schema#subClassOf>	<http://purl.obolibrary.org/obo/PATO_0001018>
<http://purl.obolibrary.org/obo/PATO_0000921>	<http://www.w3.org/2000/01/rdf-schema#subClassOf>	<http://purl.obolibrary.org/obo/PATO_0001708>
<http://purl.obolibrary.org/obo/PATO_0002198>	<http://www.w3.org/2000/01/rdf-schema#subClassOf>	<http://purl.obolibrary.org/obo/PATO_0001018>
<http://purl.obolibrary.org/obo/PATO_0000125>	<http://www.w3.org/2000/01/rdf-schema#subClassOf>	<http://purl.obolibrary.org/obo/PATO_0001018>
<http://purl.obolibrary.org/obo/PATO_0000128>	<http://www.w3.org/2000/01/rdf-schema#subClassOf>	<http://purl.obolibrary.org/obo/PATO_0001035>
<http://purl.obolibrary.org/obo/PATO_0001350>	<http://www.w3.org/2000/01/rdf-schema#subClassOf>	<http://purl.obolibrary.org/obo/PATO_0001028>
<http://purl.obolibrary.org/obo/PATO_0000052>	<http://www.w3.org/2000/01/rdf-schema#subClassOf>	<http://purl.obolibrary.org/obo/PATO_0000051>
<http://purl.obolibrary.org/obo/PATO_0001595>	<http://www.w3.org/2000/01/rdf-schema#subClassOf>	<http://purl.obolibrary.org/obo/PATO_0001708>
<http://purl.obolibrary.org/obo/PATO_0001464>	<http://www.w3.org/2000/01/rdf-schema#subClassOf>	<http://purl.obolibrary.org/obo/PATO_0001018>
<http://purl.obolibrary.org/obo/PATO_0050000>	<http://www.w3.org/2000/01/rdf-schema#subClassOf>	<http://purl.obolibrary.org/obo/PATO_0000161>
<http://purl.obolibrary.org/obo/PATO_0001585>	<http://www.w3.org/2000/01/rdf-schema#subClassOf>	<http://purl.obolibrary.org/obo/PATO_0001018>
<http://purl.obolibrary.org/obo/PATO_0000025>	<http://www.w3.org/2000/01/rdf-schema#subClassOf>	<http://purl.obolibrary.org/obo/PATO_0000141>
<http://purl.obolibrary.org/obo/CHMO_0001350>	<http://www.w3.org/2000/01/rdf-schema#subClassOf>	<http://purl.obolibrary.org/obo/CHMO_0001349>
<http://purl.obolibrary.org/obo/CHMO_0000208>	<http://www.w3.org/2000/01/rdf-schema#subClassOf>	<http://purl.obolibrary.org/obo/OBI_0000070>
<http://purl.obolibrary.org/obo/CHMO_0000800>	<http://www.w3.org/2000/01/rdf-schema#subClassOf>	<http://purl.obolibrary.org/obo/CHMO_0000793>
<http://purl.obolibrary.org/obo/CHMO_0001325>	<http://www.w3.org/2000/01/rdf-schema#subClassOf>	<http://purl.obolibrary.org/obo/CHMO_0001314>
<http://purl.obolibrary.org/obo/OBI_0000185>	<http://www.w3.org/2000/01/rdf-schema#subClassOf>	<http://purl.obolibrary.org/obo/OBI_0000070>
<http://purl.obolibrary.org/obo/CHMO_0001516>	<http://www.w3.org/2000/01/rdf-schema#subClassOf>	<http://purl.obolibrary.org/obo/CHMO_0002770>
<http://purl.obolibrary.org/obo/CHMO_0001559>	<http://www.w3.org/2000/01/rdf-schema#subClassOf>	<http://purl.obolibrary.org/obo/CHMO_0001558>
<http://purl.obolibrary.org/obo/CHMO_0002163>	<http://www.w3.org/2000/01/rdf-schema#subClassOf>	<http://purl.obolibrary.org/obo/CHMO_0001470>
<http://purl.obolibrary.org/obo/CHMO_0002773>	<http://www.w3.org/2000/01/rdf-schema#subClassOf>	<http://purl.obolibrary.org/obo/CHMO_0001685>
<http://purl.obolibrary.org/obo/CHMO_0001471>	<http://www.w3.org/2000/01/rdf-schema#subClassOf>	<http://purl.obolibrary.org/obo/CHMO_0001470>
<http://purl.obolibrary.org/obo/CHMO_0000219>	<http://www.w3.org/2000/01/rdf-schema#subClassOf>	<http://purl.obolibrary.org/obo/CHMO_0000209>
<http://purl.obolibrary.org/obo/CHMO_0001324>	<http://www.w3.org/2000/01/rdf-schema#subClassOf>	<http://purl.obolibrary.org/obo/CHMO_0001314>
<http://purl.obolibrary.org/obo/CHMO_0001363>	<http://www.w3.org/2000/01/rdf-schema#subClassOf>	<http://purl.obolibrary.org/obo/CHMO_0001356>
<http://purl.obolibrary.org/obo/CHMO_0001472>	<http://www.w3.org/2000/01/rdf-schema#subClassOf>	<http://purl.obolibrary.org/obo/CHMO_0001470>
<http://purl.obolibrary.org/obo/CHMO_0001988>	<http://www.w3.org/2000/01/rdf-schema#subClassOf>	<http://purl.obolibrary.org/obo/CHMO_0002063>
<http://purl.obolibrary.org/obo/CHMO_0001560>	<http://www.w3.org/2000/01/rdf-schema#subClassOf>	<http://purl.obolibrary.org/obo/CHMO_0001558>
<http://purl.obolibrary.org/obo/CHMO_0001351>	<http://www.w3.org/2000/01/rdf-schema#subClassOf>	<http://purl.obolibrary.org/obo/CHMO_0001349>
<http://purl.obolibrary.org/obo/CHMO_0002063>	<http://www.w3.org/2000/01/rdf-schema#subClassOf>	<http://purl.obolibrary.org/obo/CHMO_0001301>
<http://purl.obolibrary.org/obo/CHMO_0001349>	<http://www.w3.org/2000/01/rdf-schema#subClassOf>	<http://purl.obolibrary.org/obo/CHMO_0001310>
<http://purl.obolibrary.org/obo/CHMO_0001312>	<http://www.w3.org/2000/01/rdf-schema#subClassOf>	<http://purl.obolibrary.org/obo/CHMO_0001310>
<http://purl.obolibrary.org/obo/CHMO_0001353>	<http://www.w3.org/2000/01/rdf-schema#subClassOf>	<http://purl.obolibrary.org/obo/CHMO_0001349>
<http://purl.obolibrary.org/obo/CHMO_0001336>	<http://www.w3.org/2000/01/rdf-schema#subClassOf>	<http://purl.obolibrary.org/obo/CHMO_0001310>
<http://purl.obolibrary.org/obo/CHMO_0002774>	<http://www.w3.org/2000/01/rdf-schema#subClassOf>	<http://purl.obolibrary.org/obo/CHMO_0001685>
<http://purl.obolibrary.org/obo/CHMO_0000067>	<http://www.w3.org/2000/01/rdf-schema#subClassOf>	<http://purl.obolibrary.org/obo/OBI_0000185>
<http://purl.obolibrary.org/obo/CHMO_0001314>	<http://www.w3.org/2000/01/rdf-schema#subClassOf>	<http://purl.obolibrary.org/obo/CHMO_0001310>
<http://purl.obolibrary.org/obo/CHMO_0001313>	<http://www.w3.org/2000/01/rdf-schema#subClassOf>	<http://purl.obolibrary.org/obo/CHMO_0002063>
<http://purl.obolibrary.org/obo/CHMO_0000228>	<http://www.w3.org/2000/01/rdf-schema#subClassOf>	<http://purl.obolibrary.org/obo/OBI_0000070>
<http://purl.obolibrary.org/obo/CHMO_0001364>	<http://www.w3.org/2000/01/rdf-schema#subClassOf>	<http://purl.obolibrary.org/obo/CHMO_0001356>
<http://purl.obolibrary.org/obo/CHMO_0001310>	<http://www.w3.org/2000/01/rdf-schema#subClassOf>	<http://purl.obolibrary.org/obo/CHMO_0001301>
<http://purl.obolibrary.org/obo/CHMO_0001311>	<http://www.w3.org/2000/01/rdf-schema#subClassOf>	<http://purl.obolibrary.org/obo/CHMO_0001310>
<http://purl.obolibrary.org/obo/CHMO_0002530>	<http://www.w3.org/2000/01/rdf-schema#subClassOf>	<http://purl.obolibrary.org/obo/CHMO_0001470>
<http://purl.obolibrary.org/obo/CHMO_0001356>	<http://www.w3.org/2000/01/rdf-schema#subClassOf>	<http://purl.obolibrary.org/obo/CHMO_0001310>
<http://purl.obolibrary.org/obo/CHMO_0001341>	<http://www.w3.org/2000/01/rdf-schema#subClassOf>	<http://purl.obolibrary.org/obo/CHMO_0001336>
<http://purl.obolibrary.org/obo/CHMO_0000209>	<http://www.w3.org/2000/01/rdf-schema#subClassOf>	<http://purl.obolibrary.org/obo/CHMO_0000208>
<http://purl.obolibrary.org/obo/CHMO_0001358>	<http://www.w3.org/2000/01/rdf-schema#subClassOf>	<http://purl.obolibrary.org/obo/CHMO_0001356>
<http://purl.obolibrary.org/obo/CHMO_0001568>	<http://www.w3.org/2000/01/rdf-schema#subClassOf>	<http://purl.obolibrary.org/obo/CHMO_0001558>
<http://purl.obolibrary.org/obo/CHMO_0000793>	<http://www.w3.org/2000/01/rdf-schema#subClassOf>	<http://purl.obolibrary.org/obo/IAO_0000027>
<http://purl.obolibrary.org/obo/OBI_0400142>	<http://www.w3.org/2000/01/rdf-schema#subClassOf>	<http://purl.obolibrary.org/obo/COB_0001300>
<http://purl.obolibrary.org/obo/OBI_0000456>	<http://www.w3.org/2000/01/rdf-schema#subClassOf>	<http://purl.obolibrary.org/obo/IAO_0000005>
<http://purl.obolibrary.org/obo/OBI_0000374>	<http://www.w3.org/2000/01/rdf-schema#subClassOf>	<http://purl.obolibrary.org/obo/BFO_0000034>
<http://purl.obolibrary.org/obo/OBI_0001032>	<http://www.w3.org/2000/01/rdf-schema#subClassOf>	<http://purl.obolibrary.org/obo/COB_0001300>
<http://purl.obolibrary.org/obo/OBI_0000086>	<http://www.w3.org/2000/01/rdf-schema#subClassOf>	<http://purl.obolibrary.org/obo/OBI_0003610>
<http://purl.obolibrary.org/obo/OBI_0400095>	<http://www.w3.org/2000/01/rdf-schema#subClassOf>	<http://purl.obolibrary.org/obo/OBI_0400079>
<http://purl.obolibrary.org/obo/OBI_0002902>	<http://www.w3.org/2000/01/rdf-schema#subClassOf>	<http://purl.obolibrary.org/obo/OBI_0400065>
<http://purl.obolibrary.org/obo/OBI_0000378>	<http://www.w3.org/2000/01/rdf-schema#subClassOf>	<http://purl.obolibrary.org/obo/OBI_0000372>
<http://purl.obolibrary.org/obo/OBI_0400013>	<http://www.w3.org/2000/01/rdf-schema#subClassOf>	<http://purl.obolibrary.org/obo/OBI_0400079>
<http://purl.obolibrary.org/obo/OBI_0000367>	<http://www.w3.org/2000/01/rdf-schema#subClassOf>	<http://purl.obolibrary.org/obo/OBI_0000374>
<http://purl.obolibrary.org/obo/OBI_0600008>	<http://www.w3.org/2000/01/rdf-schema#subClassOf>	<http://purl.obolibrary.org/obo/OBI_0001928>
<http://purl.obolibrary.org/obo/OBI_0400067>	<http://www.w3.org/2000/01/rdf-schema#subClassOf>	<http://purl.obolibrary.org/obo/OBI_0400079>
<http://purl.obolibrary.org/obo/OBI_0001755>	<http://www.w3.org/2000/01/rdf-schema#subClassOf>	<http://purl.obolibrary.org/obo/IAO_0000033>
<http://purl.obolibrary.org/obo/OBI_0002900>	<http://www.w3.org/2000/01/rdf-schema#subClassOf>	<http://purl.obolibrary.org/obo/OBI_0400065>
<http://purl.obolibrary.org/obo/OBI_0000441>	<http://www.w3.org/2000/01/rdf-schema#subClassOf>	<http://purl.obolibrary.org/obo/IAO_0000005>
<http://purl.obolibrary.org/obo/OBI_0400065>	<http://www.w3.org/2000/01/rdf-schema#subClassOf>	<http://purl.obolibrary.org/obo/OBI_0001032>
<http://purl.obolibrary.org/obo/OBI_0200000>	<http://www.w3.org/2000/01/rdf-schema#subClassOf>	<http://purl.obolibrary.org/obo/COB_0000035>
<http://purl.obolibrary.org/obo/OBI_0000067>	<http://www.w3.org/2000/01/rdf-schema#subClassOf>	<http://purl.obolibrary.org/obo/BFO_0000023>
<http://purl.obolibrary.org/obo/OBI_0302893>	<http://www.w3.org/2000/01/rdf-schema#subClassOf>	<http://purl.obolibrary.org/obo/OBI_0000838>
<http://purl.obolibrary.org/obo/OBI_0002901>	<http://www.w3.org/2000/01/rdf-schema#subClassOf>	<http://purl.obolibrary.org/obo/OBI_0400065>
<http://purl.obolibrary.org/obo/OBI_0600013>	<http://www.w3.org/2000/01/rdf-schema#subClassOf>	<http://purl.obolibrary.org/obo/OBI_0600008>
<http://purl.obolibrary.org/obo/OBI_0400064>	<http://www.w3.org/2000/01/rdf-schema#subClassOf>	<http://purl.obolibrary.org/obo/OBI_0400065>
<http://purl.obolibrary.org/obo/OBI_0000458>	<http://www.w3.org/2000/01/rdf-schema#subClassOf>	<http://purl.obolibrary.org/obo/OBI_0000456>
<http://purl.obolibrary.org/obo/OBI_0000339>	<http://www.w3.org/2000/01/rdf-schema#subClassOf>	<http://purl.obolibrary.org/obo/BFO_0000015>
<http://purl.obolibrary.org/obo/OBI_0001138>	<http://www.w3.org/2000/01/rdf-schema#subClassOf>	<http://purl.obolibrary.org/obo/COB_0001300>
<http://purl.obolibrary.org/obo/OBI_0600010>	<http://www.w3.org/2000/01/rdf-schema#subClassOf>	<http://purl.obolibrary.org/obo/OBI_0600008>
<http://purl.obolibrary.org/obo/OBI_0000932>	<http://www.w3.org/2000/01/rdf-schema#subClassOf>	<http://purl.obolibrary.org/obo/COB_0001300>
<http://purl.obolibrary.org/obo/IAO_0000005>	<http://www.w3.org/2000/01/rdf-schema#subClassOf>	<http://purl.obolibrary.org/obo/IAO_0000033>
<http://purl.obolibrary.org/obo/OBI_0003610>	<http://www.w3.org/2000/01/rdf-schema#subClassOf>	<http://purl.obolibrary.org/obo/BFO_0000023>
<http://purl.obolibrary.org/obo/OBI_0001928>	<http://www.w3.org/2000/01/rdf-schema#subClassOf>	<http://purl.obolibrary.org/obo/COB_0000035>
<http://purl.obolibrary.org/obo/OBI_0000372>	<http://www.w3.org/2000/01/rdf-schema#subClassOf>	<http://purl.obolibrary.org/obo/BFO_0000034>
<http://purl.obolibrary.org/obo/OBI_0200166>	<http://www.w3.org/2000/01/rdf-schema#subClassOf>	<http://purl.obolibrary.org/obo/IAO_0000005>
<http://purl.obolibrary.org/obo/OBI_0200000>	<http://www.w3.org/2000/01/rdf-schema#subClassOf>	_:B829b0763X2D2781X2D437eX2D879eX2D8ecd3dfcc835genid10
<http://purl.obolibrary.org/obo/OBI_0000806>	<http://www.w3.org/2000/01/rdf-schema#subClassOf>	<http://purl.obolibrary.org/obo/IAO_0000005>
<http://purl.obolibrary.org/obo/OBI_0400079>	<http://www.w3.org/2000/01/rdf-schema#subClassOf>	<http://purl.obolibrary.org/obo/OBI_0000932>
<http://purl.obolibrary.org/obo/OBI_0000838>	<http://www.w3.org/2000/01/rdf-schema#subClassOf>	<http://purl.obolibrary.org/obo/COB_0000035>
<https://purl.archive.org/tfsco/TFSCO_00005062>	<http://www.w3.org/2000/01/rdf-schema#subClassOf>	<http://purl.obolibrary.org/obo/IAO_0000032>
<https://purl.archive.org/tfsco/TFSCO_00002120>	<http://www.w3.org/2000/01/rdf-schema#subClassOf>	<https://purl.archive.org/tfsco/TFSCO_00002118>
<http://purl.obolibrary.org/obo/CHMO_0002770>	<http://www.w3.org/2000/01/rdf-schema#subClassOf>	<http://purl.obolibrary.org/obo/COB_0000110>
<https://purl.archive.org/tfsco/TFSCO_00002121>	<http://www.w3.org/2000/01/rdf-schema#subClassOf>	<https://purl.archive.org/tfsco/TFSCO_00002118>
<https://purl.archive.org/tfsco/TFSCO_00007045>	<http://www.w3.org/2000/01/rdf-schema#subClassOf>	<https://purl.archive.org/tfsco/TFSCO_00002102>
<https://purl.archive.org/tfsco/TFSCO_00002097>	<http://www.w3.org/2000/01/rdf-schema#subClassOf>	<https://purl.archive.org/tfsco/TFSCO_00002096>
<http://purl.obolibrary.org/obo/CHMO_0001301>	<http://www.w3.org/2000/01/rdf-schema#subClassOf>	<http://purl.obolibrary.org/obo/COB_0000110>
<https://purl.archive.org/tfsco/TFSCO_00002147>	<http://www.w3.org/2000/01/rdf-schema#subClassOf>	<http://purl.obolibrary.org/obo/IAO_0000032>
<https://purl.archive.org/tfsco/TFSCO_00001096>	<http://www.w3.org/2000/01/rdf-schema#subClassOf>	<http://purl.obolibrary.org/obo/IAO_0000027>
<https://purl.archive.org/tfsco/TFSCO_00005757>	<http://www.w3.org/2000/01/rdf-schema#subClassOf>	<https://purl.archive.org/tfsco/TFSCO_00005742>
<https://purl.archive.org/tfsco/TFSCO_00005760>	<http://www.w3.org/2000/01/rdf-schema#subClassOf>	<http://purl.obolibrary.org/obo/IAO_0000109>
<https://purl.archive.org/tfsco/TFSCO_00005061>	<http://www.w3.org/2000/01/rdf-schema#subClassOf>	<http://purl.obolibrary.org/obo/IAO_0000032>
<https://purl.archive.org/tfsco/TFSCO_00005008>	<http://www.w3.org/2000/01/rdf-schema#subClassOf>	<http://purl.obolibrary.org/obo/IAO_0000032>
<https://purl.archive.org/tfsco/TFSCO_00005009>	<http://www.w3.org/2000/01/rdf-schema#subClassOf>	<http://purl.obolibrary.org/obo/IAO_0000032>
<https://purl.archive.org/tfsco/TFSCO_00005742>	<http://www.w3.org/2000/01/rdf-schema#subClassOf>	<http://purl.obolibrary.org/obo/IAO_0000032>
<https://purl.archive.org/tfsco/TFSCO_00002119>	<http://www.w3.org/2000/01/rdf-schema#subClassOf>	<http://purl.obolibrary.org/obo/IAO_0000032>
<https://purl.archive.org/tfsco/TFSCO_00005756>	<http://www.w3.org/2000/01/rdf-schema#subClassOf>	<https://purl.archive.org/tfsco/TFSCO_00005742>
<https://purl.archive.org/tfsco/TFSCO_00002102>	<http://www.w3.org/2000/01/rdf-schema#subClassOf>	<http://purl.obolibrary.org/obo/IAO_0000032>
<http://purl.obolibrary.org/obo/CHMO_0001470>	<http://www.w3.org/2000/01/rdf-schema#subClassOf>	<http://purl.obolibrary.org/obo/COB_0000110>
<https://purl.archive.org/tfsco/TFSCO_00002103>	<http://www.w3.org/2000/01/rdf-schema#subClassOf>	<http://purl.obolibrary.org/obo/IAO_0000032>
<http://purl.obolibrary.org/obo/CHMO_0001558>	<http://www.w3.org/2000/01/rdf-schema#subClassOf>	<http://purl.obolibrary.org/obo/COB_0000110>
<https://purl.archive.org/tfsco/TFSCO_00002098>	<http://www.w3.org/2000/01/rdf-schema#subClassOf>	<http://purl.obolibrary.org/obo/IAO_0000032>
<https://purl.archive.org/tfsco/TFSCO_00003000>	<http://www.w3.org/2000/01/rdf-schema#subClassOf>	<http://purl.obolibrary.org/obo/IAO_0000032>
<https://purl.archive.org/tfsco/TFSCO_00007034>	<http://www.w3.org/2000/01/rdf-schema#subClassOf>	<https://purl.archive.org/tfsco/TFSCO_00002102>
<http://purl.obolibrary.org/obo/CHMO_0002793>	<http://www.w3.org/2000/01/rdf-schema#subClassOf>	<http://purl.obolibrary.org/obo/COB_0001300>
<https://purl.archive.org/tfsco/TFSCO_00007006>	<http://www.w3.org/2000/01/rdf-schema#subClassOf>	<http://purl.obolibrary.org/obo/IAO_0000032>
<http://purl.obolibrary.org/obo/CHMO_0002917>	<http://www.w3.org/2000/01/rdf-schema#subClassOf>	<http://purl.obolibrary.org/obo/COB_0000110>
<http://purl.obolibrary.org/obo/CHMO_0001685>	<http://www.w3.org/2000/01/rdf-schema#subClassOf>	<http://purl.obolibrary.org/obo/COB_0000110>
<https://purl.archive.org/tfsco/TFSCO_00002118>	<http://www.w3.org/2000/01/rdf-schema#subClassOf>	<http://purl.obolibrary.org/obo/IAO_0000032>
<https://purl.archive.org/tfsco/TFSCO_00001145>	<http://www.w3.org/2000/01/rdf-schema#subClassOf>	<http://purl.obolibrary.org/obo/IAO_0000027>
<https://purl.archive.org/tfsco/TFSCO_00005743>	<http://www.w3.org/2000/01/rdf-schema#subClassOf>	<https://purl.archive.org/tfsco/TFSCO_00005742>
<http://purl.obolibrary.org/obo/PATO_0000918>	<http://www.w3.org/2000/01/rdf-schema#subClassOf>	_:B91e967e8X2Da4caX2D4cc2X2Db5aaX2D78da4e1337ebgenid2
<https://purl.archive.org/tfsco/TFSCO_00002096>	<http://www.w3.org/2000/01/rdf-schema#subClassOf>	<http://purl.obolibrary.org/obo/IAO_0000032>
<http://purl.obolibrary.org/obo/APOLLO_SV_00000796>	<http://www.w3.org/2000/01/rdf-schema#subClassOf>	<http://purl.obolibrary.org/obo/OBI_0000011>
<http://purl.obolibrary.org/obo/IAO_0000409>	<http://www.w3.org/2000/01/rdf-schema#subClassOf>	<http://purl.obolibrary.org/obo/IAO_0000102>
<http://purl.obolibrary.org/obo/IAO_0000582>	<http://www.w3.org/2000/01/rdf-schema#subClassOf>	<http://purl.obolibrary.org/obo/IAO_0000109>
<http://purl.obolibrary.org/obo/OBI_0000011>	<http://www.w3.org/2000/01/rdf-schema#subClassOf>	<http://purl.obolibrary.org/obo/BFO_0000015>
<http://purl.obolibrary.org/obo/UO_0000003>	<http://www.w3.org/2000/01/rdf-schema#subClassOf>	<http://purl.obolibrary.org/obo/IAO_0000003>
<http://purl.obolibrary.org/obo/IAO_0000028>	<http://www.w3.org/2000/01/rdf-schema#subClassOf>	<http://purl.obolibrary.org/obo/IAO_0000030>
<http://purl.obolibrary.org/obo/PATO_0000122>	<http://www.w3.org/2000/01/rdf-schema#subClassOf>	<http://purl.obolibrary.org/obo/PATO_0000051>
<http://purl.obolibrary.org/obo/IAO_0000007>	<http://www.w3.org/2000/01/rdf-schema#subClassOf>	<http://purl.obolibrary.org/obo/IAO_0000033>
<http://purl.obolibrary.org/obo/IAO_0000416>	<http://www.w3.org/2000/01/rdf-schema#subClassOf>	<http://purl.obolibrary.org/obo/IAO_0000032>
<http://purl.obolibrary.org/obo/IAO_0000584>	<http://www.w3.org/2000/01/rdf-schema#subClassOf>	<http://purl.obolibrary.org/obo/IAO_0000100>
<http://purl.obolibrary.org/obo/IAO_0000003>	<http://www.w3.org/2000/01/rdf-schema#subClassOf>	<http://purl.obolibrary.org/obo/IAO_0000009>
<http://purl.obolibrary.org/obo/IAO_0000308>	<http://www.w3.org/2000/01/rdf-schema#subClassOf>	<http://purl.obolibrary.org/obo/IAO_0000030>
<http://purl.obolibrary.org/obo/IAO_0000064>	<http://www.w3.org/2000/01/rdf-schema#subClassOf>	<http://purl.obolibrary.org/obo/IAO_0000104>
<http://purl.obolibrary.org/obo/APOLLO_SV_00000033>	<http://www.w3.org/2000/01/rdf-schema#subClassOf>	<http://purl.obolibrary.org/obo/OBI_0000011>
<http://purl.obolibrary.org/obo/UO_0000002>	<http://www.w3.org/2000/01/rdf-schema#subClassOf>	<http://purl.obolibrary.org/obo/IAO_0000003>
<http://purl.obolibrary.org/obo/IAO_0000414>	<http://www.w3.org/2000/01/rdf-schema#subClassOf>	_:Bd37fe53eX2D7f01X2D4745X2D91baX2Dabb2fa5400f9genid49
<http://purl.obolibrary.org/obo/IAO_0000078>	<http://www.w3.org/2000/01/rdf-schema#subClassOf>	<http://purl.obolibrary.org/obo/IAO_0000102>
<http://purl.obolibrary.org/obo/IAO_0000416>	<http://www.w3.org/2000/01/rdf-schema#subClassOf>	_:Bd37fe53eX2D7f01X2D4745X2D91baX2Dabb2fa5400f9genid54
<http://purl.obolibrary.org/obo/IAO_0000582>	<http://www.w3.org/2000/01/rdf-schema#subClassOf>	_:Bd37fe53eX2D7f01X2D4745X2D91baX2Dabb2fa5400f9genid59
<http://purl.obolibrary.org/obo/IAO_0000414>	<http://www.w3.org/2000/01/rdf-schema#subClassOf>	<http://purl.obolibrary.org/obo/IAO_0000032>
<http://purl.obolibrary.org/obo/UO_0000001>	<http://www.w3.org/2000/01/rdf-schema#subClassOf>	<http://purl.obolibrary.org/obo/IAO_0000003>
<http://purl.obolibrary.org/obo/IAO_0000101>	<http://www.w3.org/2000/01/rdf-schema#subClassOf>	<http://purl.obolibrary.org/obo/IAO_0000308>
<http://purl.obolibrary.org/obo/IAO_0000009>	<http://www.w3.org/2000/01/rdf-schema#subClassOf>	<http://purl.obolibrary.org/obo/IAO_0000030>
<http://purl.obolibrary.org/obo/PATO_0001241>	<http://www.w3.org/2000/01/rdf-schema#subClassOf>	<http://purl.obolibrary.org/obo/BFO_0000019>
<http://purl.obolibrary.org/obo/IAO_0000102>	<http://www.w3.org/2000/01/rdf-schema#subClassOf>	<http://purl.obolibrary.org/obo/IAO_0000027>
<http://purl.obolibrary.org/obo/APOLLO_SV_00000032>	<http://www.w3.org/2000/01/rdf-schema#subClassOf>	<http://purl.obolibrary.org/obo/IAO_0000109>
<http://purl.obolibrary.org/obo/IAO_0000225>	<http://www.w3.org/2000/01/rdf-schema#subClassOf>	<http://purl.obolibrary.org/obo/IAO_0000102>
<http://purl.obolibrary.org/obo/IAO_0000140>	<http://www.w3.org/2000/01/rdf-schema#subClassOf>	<http://purl.obolibrary.org/obo/IAO_0000027>
<http://purl.obolibrary.org/obo/IAO_0000098>	<http://www.w3.org/2000/01/rdf-schema#subClassOf>	<http://purl.obolibrary.org/obo/IAO_0000033>
<http://purl.obolibrary.org/obo/IAO_0000100>	<http://www.w3.org/2000/01/rdf-schema#subClassOf>	<http://purl.obolibrary.org/obo/IAO_0000027>
<http://purl.obolibrary.org/obo/IAO_0000030>	<http://www.w3.org/2000/01/rdf-schema#subClassOf>	<http://purl.obolibrary.org/obo/BFO_0000031>
<http://purl.obolibrary.org/obo/IAO_0000408>	<http://www.w3.org/2000/01/rdf-schema#subClassOf>	<http://purl.obolibrary.org/obo/IAO_0000032>
